name,price,url
Диван Льери Мини Velvet Light,56990,https://www.divan.ru/product/divan-leri-mini-velvet-light
Диван Нумо Velvet Yellow,35990,https://www.divan.ru/product/divan-numo-velvet-yellow
Диван Тут Рядом Дом Серо-графитовый,69990,https://www.divan.ru/product/divan-tut-ryadom-dom-sero-grafitovyj
Диван угловой Ройн Мини Velvet Olive,39990,https://www.divan.ru/product/divan-uglovoj-rojn-mini-velvet-olive
Диван угловой Эби-1 Velvet Coral,69990,https://www.divan.ru/product/divan-uglovoj-ebi-1-velvet-coral
Диван Бруквиль Velvet Blue,46990,https://www.divan.ru/product/divan-brukvil-velvet-blue
Диван Тут Рядом Космос Светло-Бежевый,109990,https://www.divan.ru/product/divan-tut-ryadom-kosmos-svetlo-bejevyj
Диван Линс Velvet Navy Blue,26990,https://www.divan.ru/product/divan-lins-velvet-navy-blue
Диван Нумо Мини Textile Yellow,22990,https://www.divan.ru/product/divan-numo-mini-textile-yellow
Диван Байма Velvet Grey,66990,https://www.divan.ru/product/divan-bajma-velvet-grey
Кресло Тут Рядом Дом Сине-бежевый,49990,https://www.divan.ru/product/kreslo-tut-ryadom-dom-sine-bejevyj
Диван угловой Беллер Textile Yellow,36990,https://www.divan.ru/product/divan-uglovoj-beller-textile-yellow
Кресло Бенел Cozy Ivory,30990,https://www.divan.ru/product/kreslo-benel-cozy-ivory
Диван Нумо Velvet Grafit,35990,https://www.divan.ru/product/divan-numo-velvet-grafit
Пуф Тут Рядом Дом Серо-графитовый,14990,https://www.divan.ru/product/puf-tut-ryadom-dom-sero-grafitovyj
Диван Роттердам Velvet Yellow,23990,https://www.divan.ru/product/divan-rotterdam-velvet-yellow
Диван Сваут Velvet Grey,62990,https://www.divan.ru/product/divan-svaut-velvet-grey
Пуф Дадли Velvet Ocean,3290,https://www.divan.ru/product/puf-dadli-velvet-ocean
Диван Линс Velvet Grafit,26990,https://www.divan.ru/product/divan-lins-velvet-grafit
Диван Рейли Velvet Coral,29990,https://www.divan.ru/product/divan-rejli-velvet-coral
Диван угловой Дарол Happy Grey,59990,https://www.divan.ru/product/divan-uglovoj-darol-happy-grey
Пуф Тут Рядом Красавчик Светло-бежевый,32990,https://www.divan.ru/product/puf-tut-ryadom-krasavchik-svetlo-bejevyj
Диван Коренс Happy Grey,28990,https://www.divan.ru/product/divan-korens-happy-grey
Диван угловой Шера Velvet Light,99990,https://www.divan.ru/product/divan-uglovoj-shera-velve-light
Кресло Дженкс Happy Emerald,20990,https://www.divan.ru/product/kreslo-djenks-happy-emerald
Диван Види Textile Ocean,22990,https://www.divan.ru/product/divan-vidi-textile-ocean
Пуф Тут Рядом Дом Зеленый,14990,https://www.divan.ru/product/puf-tut-ryadom-dom-zelenyj
Кресло Гета Soft Silver,29990,https://www.divan.ru/product/kreslo-geta-soft-silver
Диван угловой Нумо Velvet Yellow,44990,https://www.divan.ru/product/divan-uglovoj-numo-velvet-yellow
Диван Тут Рядом Дом Сине-бежевый,69990,https://www.divan.ru/product/divan-tut-ryadom-dom-sine-bejevyj
Диван Сваут Velvet Mustard,62990,https://www.divan.ru/product/divan-svaut-velvet-mustard
Кресло Элвит Cozy Ivory,25990,https://www.divan.ru/product/kreslo-elvit-cozy-ivory
Модульный диван Сэндж 2 Textile Yellow,55970,https://www.divan.ru/product/modulnyj-divan-sendj-2-textile-yellow
Пуф Лонди Cozy Beige,12990,https://www.divan.ru/product/puf-londi-cozy-beige
Кресло Тут Рядом Дом Розовый,49990,https://www.divan.ru/product/kreslo-tut-ryadom-dom-rozovyj
Диван Нумо Мини Textile Light,22990,https://www.divan.ru/product/divan-numo-mini-textile-light
Диван Рейли Velvet Mint,29990,https://www.divan.ru/product/divan-rejli-velvet-mint
Диван Бонс-Т Happy Yellow,39990,https://www.divan.ru/product/divan-bons-t-happy-yellow
Диван Риббл-2 Bucle Lilac,62990,https://www.divan.ru/product/divan-ribbl-2-bucle-lilac
Диван угловой Маркфул Velvet Ocean,76990,https://www.divan.ru/product/divan-uglovoj-markful-velvet-ocean
Кушетка Роби Textile Coral,16990,https://www.divan.ru/product/kushetka-robi-textile-coral
Диван угловой Нумо Velvet Grey,44990,https://www.divan.ru/product/divan-uglovoj-numo-velvet-grey
Пуф Тут Рядом Красавчик Оранжевый,26990,https://www.divan.ru/product/puf-tut-ryadom-krasavchik-oranjevyj
Кушетка Оренте Soft Sky,39990,https://www.divan.ru/product/kushetka-orente-soft-sky
Пуф Бане Cozy Ginger,7990,https://www.divan.ru/product/puf-bane-cozy-ginger
Банкетка Аймо Textile Light,7990,https://www.divan.ru/product/banketka-ajmo-textile-light
Диван Лонди Mima Pink,82990,https://www.divan.ru/product/divan-londi-mima-pink
Кушетка Оренте Cozy White,52990,https://www.divan.ru/product/kushetka-orente-cozy-white
